,count
Eczema,1056
Allergic Contact Dermatitis,873
Insect Bite,403
Urticaria,332
Psoriasis,308
Folliculitis,268
Irritant Contact Dermatitis,249
Tinea,206
Drug Rash,148
Herpes Zoster,142
Herpes Simplex,141
"Acute dermatitis, NOS",124
Impetigo,121
Hypersensitivity,113
Leukocytoclastic Vasculitis,99
Acne,98
Pigmented purpuric eruption,98
Lichen planus/lichenoid eruption,89
Viral Exanthem,82
Pityriasis rosea,80
Lichen Simplex Chronicus,78
Stasis Dermatitis,70
CD - Contact dermatitis,70
Scabies,63
Molluscum Contagiosum,63
Keratosis pilaris,61
Granuloma annulare,59
Tinea Versicolor,53
Rosacea,52
O/E - ecchymoses present,50
"Abrasion, scrape, or scab",48
Acute and chronic dermatitis,47
Seborrheic Dermatitis,46
Photodermatitis,43
Abscess,41
Verruca vulgaris,40
Cellulitis,39
SCC/SCCIS,37
Purpura,36
Miliaria,36
Erythema multiforme,33
Syphilis,32
Cutaneous lupus,31
Intertrigo,31
Inflicted skin lesions,29
Post-Inflammatory hyperpigmentation,28
Pityriasis lichenoides,28
Prurigo nodularis,27
Lichen nitidus,27
"Chronic dermatitis, NOS",27
Perioral Dermatitis,26
Skin and soft tissue atypical mycobacterial infection,25
Xerosis,24
Cutaneous sarcoidosis,24
Infected eczema,23
Scar Condition,23
Actinic Keratosis,22
Basal Cell Carcinoma,21
Cyst,20
SK/ISK,17
Deep fungal infection,16
Burn of skin,16
Erythema ab igne,16
Cutaneous T Cell Lymphoma,16
Skin infection,15
Hemangioma,15
Dermatitis herpetiformis,14
Hidradenitis,14
Kaposi's sarcoma of skin,13
Erythema annulare centrifugum,13
Porokeratosis,13
Candida intertrigo,13
Melanocytic Nevus,12
Remove from labeling tool,12
Erythema migrans,11
Lichen spinulosus,11
Ecthyma,11
Localized skin infection,11
Milia,11
Superficial wound of body region,10
"Contact dermatitis, NOS",10
Livedo reticularis,10
Grover's disease,10
Vasculitis of the skin,10
Bullous Pemphigoid,9
Amyloidosis of skin,9
Cutaneous larva migrans,9
Pityriasis rubra pilaris,8
Confluent and reticulate papillomatosis,8
Dermatofibroma,8
Erythema nodosum,8
Parapsoriasis,8
Geographic tongue,8
Onychomycosis,7
Perforating dermatosis,7
Skin cancer,7
Annular erythema,7
Animal bite - wound,7
Melanoma,7
Traumatic petechiae,7
O/E - petechiae on skin,7
Ichthyosis,6
Pruritic urticarial papules and plaques of pregnancy,6
Post-Inflammatory hypopigmentation,6
Vitiligo,6
Candidal intertrigo,6
Keratoderma,6
Lichenified eczematous dermatitis,6
Keratosis,6
Chilblain,6
Morphea/Scleroderma,6
Sunburn,6
Lichenoid myxedema,6
Sweet syndrome,5
Granuloma faciale,5
Pseudolymphoma,5
Melasma,5
Lymphangioma,5
Epidermal nevus,5
Acanthosis nigricans,5
Atypical Nevus,5
Necrobiosis lipoidica,5
Paronychia,5
Condyloma acuminatum,4
Adnexal neoplasm,4
Pityriasis alba,4
Livedoid vasculopathy,4
Prurigo,4
Lichen striatus,4
Koebner phenomenon,4
Clavus,4
Hand foot and mouth disease,4
Psoriasiform dermatitis,4
Flagellate erythema,4
Phytophotodermatitis,4
Primary cutaneous lymphoma,4
Pretibial myxedema,4
Erythema gyratum repens,4
Pyogenic granuloma,4
O/E - pustules,4
Granulomatous disorder of the skin and subcutaneous tissue,4
HK - Hyperkeratosis,4
Candida,4
Calcinosis cutis,4
Bullous dermatitis,3
Contact purpura,3
Acute generalised exanthematous pustulosis,3
Nail dystrophy due to trauma,3
Lymphomatoid papulosis,3
Blister,3
Lichen sclerosus,3
O/E - petechiae present,3
Lentigo,3
Cutaneous leishmaniasis,3
Pemphigus vulgaris,3
Angiokeratoma of skin,3
B-Cell Cutaneous Lymphoma,3
Fungal dermatosis,3
Cutaneous lyme disease,3
RMSF - Rocky Mountain spotted fever,3
Pyoderma Gangrenosum,3
Foreign body reaction of the skin,3
SLE - Systemic lupus erythematosus-related syndrome,3
Inflammatory dermatosis,3
Burn erythema of back of hand,3
Linear IgA disease,3
AKV - Acrokeratosis verruciformis,3
Localized cutaneous vasculitis,3
Hailey Hailey disease,3
Dermatomyositis,3
Skin lesion in drug addict,3
Contact dermatitis caused by Rhus diversiloba,3
Dermatosis due to flea,2
Onychodystrophy,2
Fox-Fordyce disease,2
Traumatic blister,2
Pemphigoid gestationis,2
Hemosiderin pigmentation of skin due to venous insufficiency,2
Cutaneous metastasis,2
"Bullous dermatitis, NOS",2
Comedone,2
Fungal dermatitis,2
Darier's disease,2
Foot ulcer,2
Pemphigus foliaceus,2
Abrasion of wrist,2
Hematoma of skin,2
Acne keloidalis,2
Drug induced abnormal pigmentation of skin,2
Chicken pox exanthem,2
Benign cutaneous vascular tumor,2
Skin ulcer,2
Mycetoma,2
Erythema dyschromicum perstans,2
Actinic granuloma,2
Tuberculosis of skin and subcutaneous tissue,2
Idiopathic guttate hypomelanosis,2
Venous Stasis Ulcer,2
Burn erythema of lower leg,2
Ingrown hair,2
Traumatic ulcer,2
Small plaque parapsoriasis,2
Bullous dermatosis,2
Foreign body,2
Leukemia cutis,2
Localised skin infection,2
Chemical leukoderma,2
Acute constitutional eczema,2
Panniculitis,2
Inverse psoriasis,2
Petechiae,2
Nail dystrophy,2
Flushing,2
Autoimmune diseases affecting skin,2
Paget disease,2
Eruptive odontogenic cyst,2
Rheumatoid nodule,2
Secondary impetiginization,2
Infection of skin,2
Hyperpigmentation,1
Leprosy,1
"Vasculitis of the skin, NOS",1
Cat scratch injury,1
wound/abrasion,1
Acral erythema,1
Erosion of skin,1
Contact burn of skin,1
scurvy,1
On examination - hemorrhagic bullae,1
Chronic dermatitis,1
Drug-induced pellagra,1
Mixed diabetic ulcer - foot,1
Lipoma,1
Allergic contact dermatitis caused by allergenic hapten derived from plant,1
granular parakeratosis,1
Blood blister,1
Acute vesicular dermatitis,1
Superficial frostbite,1
Acute-on-chronic dyshidrotic eczema of hands,1
Photocontact dermatitis [berloque dermatitis],1
Viral dermatological disorders,1
Cellulitis of hand excluding finger,1
Discrete papular lichen myxedematosus,1
resolving dermatitis,1
Sneddon-Wilkinson disease,1
varicose vein,1
Nodular vasculitis,1
Morbilliform eruption,1
Neoplasm of uncertain behavior of skin of arm,1
panniculitis of skin,1
Hyperkeratosis of skin,1
PXE (pseudoxanthoma elasticum) like syndrome,1
Cheilitis,1
Non-specific panniculitis,1
Keratolysis exfoliativa,1
Eruptive xanthoma,1
Folliculitis decalvans,1
O/E - purulent pustules,1
Erythema elevatum diutinum,1
Lymphocutaneous sporotrichosis,1
Localised skin eruption due to drugs and medicaments,1
Hemosiderin pigmentation of skin,1
Arsenical keratosis,1
Angiosarcoma of skin,1
Tufted angioma of skin,1
relapsing polychondritis,1
Lichenified eczema,1
Burn of forearm,1
Papular acrodermatitis of childhood,1
Knuckle pads,1
TMEP - telangiectasia macularis eruptiva perstans,1
Viral infection of skin,1
Ichthyosiform dermatosis,1
Crohn disease of skin,1
Abrasion and/or friction burn of lower limb without infection,1
Hyperpigmentation disorder,1
Bullosis diabeticorum,1
Varicose veins of lower extremity,1
Non-melanin pigmentation due to exogenous substance (disorder),1
deep vein thrombosis,1
pathergy,1
Furuncle,1
Erythema marginatum,1
post-sunburn peeling/superficial desquamation,1
Dermatofibrosarcoma protuberans,1
Infestation caused by Sarcoptes scabiei var bovis,1
O/E - vesicles present,1
Acne urticata,1
Elephantiasis nostras,1
Berloque dermatitis,1
Pemphigus,1
Hemosiderin pigmentation of lower limb due to varicose veins of lower limb,1
deep fungal infection,1
On examination - follicular pustules,1
Leukonychia,1
Muehrcke lines,1
Pressure ulcer stage 2,1
Poikiloderma,1
Agminate folliculitis,1
Skin striae,1
Majocchi's granuloma,1
Burn erythema of abdominal wall,1
Nevus anemicus,1
Urticarial vasculitis,1
Erysipelas,1
Atrophic glossitis,1
Cat scratch disease,1
Anetoderma,1
Ecthyma gangrenosum,1
Cutaneous polyarteritis nodosa,1
Dermatosis caused by lice,1
Pyoderma,1
"Rosai Dorfman disease - I know rare, but I've seen a case like this unilateral.  Rosacea supported bilateral further images",1
Majocchi granuloma,1
Chronic ulcer of skin,1
Acute dermatitis,1
Itchy skin eruption,1
Acquired digital fibrokeratoma,1
Perleche,1
Histiocytosis of skin,1
O/E - skin fissure,1
Calciphylaxis cutis,1
Crusted eczematous dermatitis,1
Pincer nail deformity,1
Acute ulcer of skin,1
unilateral laterothoracic exanthem,1
Diffuse xanthoma,1
Benign tumor of dermis,1
Collagenoma,1
Localised cutaneous vasculitis,1
Burn erythema of neck,1
Bacterial pyoderma,1
Ochronosis,1
Acral persistent papular mucinosis,1
digital myxoid cyst,1
Infection of tick bite,1
Perifolliculitis,1
Pachyonychia congenita,1
Drug-induced photosensitivity,1
Pressure ulcer,1
Jessner lymphocytic infiltrate,1
O/E - skin cyst present,1
OK - Odontogenic keratocyst,1
Xanthoma,1
gouty tophi,1
Poisoning by nematocyst,1
Skin hypopigmented,1
Local infection of wound,1
Perifollicular haemorrhage,1
Injection site disorder,1
Dehiscence,1
hyperlinear palm,1
Acquired poikiloderma,1
Mastocytoma,1
Vascular nevus of skin,1
Melanin pigmentation due to exogenous substance,1
Skin atrophy,1
"Panniculitis, NOS",1
Traction alopecia,1
Frontal fibrosing alopecia,1
Nail pitting,1
Abrasion and/or friction burn of thigh without infection,1
superficial hemorrhage,1
Snake bite - wound,1
Clinical neurofibromatosis,1
Pruritic dermatitis,1
Infection of toe web,1
Acneiform eruption,1
Candida infection of flexural skin,1
Erythema marginatum in acute rheumatic fever,1
